genus_species,latitude,longitude
Gasterosteus aculeatus,37.327481,-113.705435
Oncorhynchus clarkii,48.810782,-121.882818
Alosa pseudoharengus,42.865433,-86.044501
Myrmecocystus depilis,36.68,-108.31
Gillichthys mirabilis,33,-120
Glossina pallidipes,-13,31.5
Glossina pallidipes,-4.18,39.46
Plethodon glutinosus,40.78,-75.28
Plethodon glutinosus,39.31,-80.2
Plethodon glutinosus,36.95,-81.76
Ambystoma macrodactylum,46.23,-116.23
Ambystoma macrodactylum,44.77,-117.83
Ambystoma macrodactylum,45.58,-117.17
Litoria gracilenta,-23,143
Myrmecocystus depilis,32.32,-106.76
Desmognathus fuscus,39.77,-84.69
Eurycea bislineata,39.77,-84.69
Lithobates sylvaticus,37.56,-84.3
Lithobates sylvaticus,38.8,-83.4
Lithobates sylvaticus,42.8,-73.85
Lithobates sylvaticus,38.2,-76.85
Lithobates sylvaticus,42.75,-86.21
Pseudacris triseriata,40.62,-105.14
Pseudacris triseriata,39.11,-105.36
Pseudacris triseriata,41.26,-111.79
Pseudacris triseriata,40.68,-105.39
Pseudacris triseriata,39.84,-105.1
Galaxias fasciatus,NA,NA
Galaxias fasciatus,-38.4,175.71
Galaxias maculatus,NA,NA
Galaxias maculatus,-38.4,175.71
Retropinna retropinna,-38.4,175.71
Retropinna retropinna,NA,NA
Eurycea longicauda,36.1,-94.33
Eurycea lucifuga,35.93,-94.15
Ambystoma maculatum,39.87,-89.92
Pogonichthys macrolepidotus,38.13,-121.57
Pogonichthys macrolepidotus,38.23,-122.03
Zoarces viviparus,NA,NA
Zoarces viviparus,54,7
Bufo boreas,52,NA
Rana pipiens,45,NA
Bufo boreas,35,NA
Spea hammondii,34,NA
Bufo boreas,34,NA
Spea hammondii,31,NA
Eleutherodactylus coqui,18.4,-66.05
Eleutherodactylus coqui,18.29,-65.8
Rana pipiens,17,NA
Rana pipiens,10,NA
Hyla chloris,-17,NA
Hyla gracilenta,-17,NA
Hyla lesueuri,-17,NA
Hyla chloris,-18,NA
Hyla glauerti,-18,NA
Hyla rubella,-18,NA
Hyla rothi,-18,NA
Hyla gracilenta,-18,NA
Limnodynastes peroni,-18,NA
Hyla caerulea,-20,NA
Hyla rubella,-20,NA
Hyla glauerti,-20,NA
Cyclorana brevipes,-20,NA
Hyla caerulea,-21,NA
Hyla rubella,-21,NA
Cyclorana brevipes,-21,NA
Hyla rothi,-21,NA
Crinia signifera,-31,NA
Hyla ewingi,-31,NA
Hyla peroni,-31,NA
Limnodynastes dorsalis,-31,NA
Pseudophryne bibroni,-31,NA
Limnodynastes tasmaniensis,-31,NA
Crinia parainsignifera,-32,NA
Hyla ewingi,-34,NA
Hyla aurea,-34,NA
Hyla caerulea,-34,NA
Crinia signifera,-34,NA
Hyla glauerti,-34,NA
Pseudophryne bibroni,-34,NA
Hyla peroni,-34,NA
Limnodynastes peroni,-34,NA
Hyla phyllochroa,-34,NA
Crinia victoriana,-37,NA
Hyla ewingi,-37,NA
Crinia signifera,-37,NA
Crinia parainsignifera,-37,NA
Hyla alpina,-37,NA
Hyla aurea,-37,NA
Pseudophryne bibroni,-37,NA
Limnodynastes tasmaniensis,-37,NA
Crinia signifera,-38,NA
Hyla ewingi,-38,NA
Hyla alpina,-38,NA
Hyla aurea,-38,NA
Crinia victoriana,-38,NA
Hyla peroni,-38,NA
Limnodynastes tasmaniensis,-38,NA
Hyla phyllochroa,-38,NA
Hyla lesueuri,-38,NA
Hyla aurea,-39,NA
Limnodynastes dorsalis,-39,NA
Crinia signifera,-43,NA
Palirhoeus eatoni,-46.9,37.73
Palirhoeus eatoni,-53.09,73.5
Agosia chrysogaster,34.048927,-111.093735
Catostomus clarkii,34.048927,-111.093735
Cyprinodon macularius,34.048927,-111.093735
Gila robusta,34.048927,-111.093735
Meda fulgida,34.048927,-111.093735
Rhinichthys cobitis,34.048927,-111.093735
Anolis roquet,14.85,-61.09
Anolis roquet,14.82,-61.11
Anolis roquet,14.81,-61.12
Anolis roquet,14.79,-61.14
Anolis roquet,14.8,-61.14
Takydromus hsuehshaner,24.14,121.28
Calathus melanocephalus,59.29,10.8
Calathus melanocephalus,52.91,6.63
Calathus melanocephalus,60.36,7.35
Anguilla australis,-36.6,174.5
Desmognathus fuscus,39.778,-84.69
Rana clamitans,42,-73.135
Ambystoma tigrinum,40.841,-99.101
Eurycea bislineata,39.778,-84.69
Lithobates catesbeiana,42,-73.135
Lithobates pipiens,43.6805335,-90.082397
Rhinella marina,9.152,-79.846
Rhinella marina,5.838385,-75.2233885
Anaxyrus americanus,34.683,-82.837
Anaxyrus woodhousii,34.683,-82.837
Lithobates sylvaticus,35.053,-83.197
Pseudacris regilla,46.77,-113.714
Pseudacris triseriata,34.683,-82.837
Rhinella marina,17.706,-64.859
Hyla versicolor,41.569,-80.456
Lithobates catesbeiana,39.507,-84.745
Lithobates sylvaticus,39.435,-84.203
Lithobates sylvaticus,47.165,-95.197
Pseudacris triseriata,40.696,-105.594
Rhinella granulosa,-27.087,-54.95
Acris crepitans,42.779,-96.929
Lithobates pipiens,33.323,-87.46
Pseudacris triseriata,42.779,-96.929
Desmognathus fuscus,37.375,-80.523
Desmognathus quadramaculatus,37.375,-80.523
Notophthalmus viridescens,37.375,-80.523
Acris crepitans,37.626,-89.498
Acris crepitans,40.514,-88.991
Ambystoma jeffersonianum,40.203,-77.195
Ambystoma maculatum,40.203,-77.195
Ambystoma tigrinum,32.32,-106.764
Ambystoma tigrinum,33.126,-105.752
Ascaphus truei,46.989,-114.015
Buergeria japonica,23.456,120.605
Buergeria japonica,24.553,121.5
Crinia signifera,-27.559,152.276
Eleutherodactylus portoricensis,18.403,-66.05
Eleutherodactylus portoricensis,18.295,-65.8
Hyla versicolor,39.965,-74.312
Limnodynastes dorsalis,-27.372,152.867
Limnodynastes dorsalis,-37.064,144.217
Limnodynastes peronii,-27.553,153.056
Limnodynastes salmini,-27.553,153.056
Limnodynastes tasmaniensis,-34.929,138.6
Lithobates berlandieri,22.7963195,-95.51239
Litoria aurea,-34.929,138.6
Litoria caerulea,-20.401,148.58
Litoria caerulea,-27.471,153.023
Litoria caerulea,-27.372,152.867
Litoria fallax,-27.553,153.056
Litoria freycineti,-26.858,152.958
Litoria gracilenta,-27.471,153.023
Litoria gracilenta,-27.553,153.056
Litoria lesueuri,-27.372,152.867
Litoria peronii,-27.553,153.056
Litoria rubella,-27.559,152.276
Mixophyes fasciolatus,-27.334,152.768
Neobatrachus pictus,-34.929,138.6
Notophthalmus viridescens,37.9510375,-79.0576175
Pseudacris crucifer,39.965,-74.312
Pseudacris triseriata,40.529,-74.64
Pseudophryne bibronii,-27.553,153.056
Rana clamitans,37.621,-84.199
Anaxyrus americanus,42.878,-73.197
Ambystoma jeffersonianum,39.289,-86.773
Ambystoma jeffersonianum,39.424,-84.186
Ambystoma tigrinum,37.722,-89.323
Lithobates sylvaticus,42.633,-73.85
Lithobates sylvaticus,42.75,-83.217
Lithobates sylvaticus,37.567,-84.3
Necturus maculosus,45.442,-90.128
Ambystoma macrodactylum,46.4,-117.001
Ambystoma macrodactylum,44.881,-117.115
Ambystoma macrodactylum,45.593,-116.972
Anaxyrus americanus,35.255,-97.352
Anaxyrus boreas,33.979,-118.033
Anaxyrus boreas,33.647,-117.689
Anaxyrus boreas,33.619,-117.693
Anaxyrus boreas,51.091,-121.587
Anaxyrus boreas,39.327,-120.087
Anaxyrus cognatus,31,-110.331
Anaxyrus cognatus,35.223,-97.439
Crinia parinsignifera,-31.563,147.196
Crinia parinsignifera,-36.692,145.887
Crinia signifera,-33.425,151.342
Crinia signifera,-37.133,142.518
Crinia signifera,-37.872,145.245
Crinia signifera,-37.496,148.174
Crinia signifera,-37.412,148.206
Crinia signifera,-42.3,147.371
Crinia signifera,-30.514,151.667
Crinia signifera,-36.456,148.264
Desmognathus ochrophaeus,35.255,-97.352
Eurycea longicauda,37.433,-80.32
Eurycea lucifuga,37.433,-80.32
Geocrinia victoriana,-36.759,144.284
Geocrinia victoriana,-37.833,146.267
Limnodynastes dorsalis,-38.917,146.333
Limnodynastes dorsalis,-31.106,150.931
Limnodynastes peronii,-17.933,145.924
Limnodynastes peronii,-33.425,151.342
Limnodynastes salmini,-33.425,151.342
Limnodynastes tasmaniensis,-36.692,145.887
Limnodynastes tasmaniensis,-37.133,142.518
Limnodynastes tasmaniensis,-30.514,151.667
Lithobates berlandieri,35.255,-97.352
Lithobates catesbeiana,39.44,-84.522
Lithobates catesbeiana,35.255,-97.352
Lithobates pipiens,43.78444,-88.787868
Lithobates pipiens,45,-89.646
Lithobates pipiens,10.016,-83.788
Lithobates pipiens,16.747,-92.647
Lithobates sylvaticus,51.091,-121.587
Litoria aurea,-36.692,145.887
Litoria aurea,-33.425,151.342
Litoria aurea,-37.496,148.174
Litoria aurea,-38.917,146.333
Litoria bicolor,-17.933,145.924
Litoria caerulea,-20.012,148.246
Litoria caerulea,-19.258,146.818
Litoria caerulea,-33.425,151.342
Litoria chloris,-16.92,145.771
Litoria chloris,-17.267,145.476
Litoria ewingii,-36.692,145.887
Litoria ewingii,-37.133,142.518
Litoria ewingii,-37.872,145.245
Litoria ewingii,-33.425,151.342
Litoria ewingii,-30.514,151.667
Litoria fallax,-19.258,146.818
Litoria fallax,-17.933,145.924
Litoria fallax,-33.425,151.342
Litoria freycineti,-33.425,151.342
Litoria gracilenta,-16.92,145.771
Litoria gracilenta,-17.267,145.476
Litoria lesueuri,-16.92,145.771
Litoria lesueuri,-37.496,148.174
Litoria lesueuri,-37.412,148.206
Litoria peronii,-33.425,151.342
Litoria peronii,-37.496,148.174
Litoria peronii,-30.514,151.667
Litoria phyllochroa,-33.425,151.342
Litoria phyllochroa,-37.496,148.174
Litoria phyllochroa,-37.412,148.206
Litoria rothii,-17.933,145.924
Litoria rothii,-20.012,148.246
Litoria rubella,-20.012,148.246
Litoria rubella,-19.258,146.818
Litoria rubella,-17.933,145.924
Litoria rubella,-17.267,145.476
Litoria verreauxii,-37.496,148.174
Litoria verreauxii,-37.833,146.267
Litoria verreauxii,-36.314,148.646
Litoria verreauxii,-36.456,148.264
Mixophyes fasciolatus,-33.425,151.342
Necturus maculosus,40.4070065,-84.204712
Neobatrachus pictus,-31.106,150.931
Notophthalmus viridescens,35.255,-97.352
Pseudacris regilla,33.647,-117.689
Pseudacris regilla,39.327,-120.087
Pseudophryne bibronii,-36.692,145.887
Pseudophryne bibronii,-33.425,151.342
Pseudophryne bibronii,-30.514,151.667
Spea hammondii,31,-110.331
Spea hammondii,33.647,-117.689
Odontophrynus occidentalis,-31.527,-68.521
Ambystoma maculatum,35.994,-78.899
Ascaphus truei,41.823,-123.94
Desmognathus fuscus,34.588,-78.566
Desmognathus fuscus,36.689,-80.321
Desmognathus ochrophaeus,36.689,-80.321
Desmognathus ochrophaeus,35.624,-82.993
Desmognathus quadramaculatus,35.219,-82.778
Desmognathus quadramaculatus,36.494,-81.12
Eurycea bislineata,35.317,-83.209
Eurycea longicauda,36.689,-80.321
Eurycea lucifuga,37.313,-80.677
Notophthalmus viridescens,34.028,-78.202
Notophthalmus viridescens,42.117,-72.662
Notophthalmus viridescens,36.074,-78.243
Notophthalmus viridescens,51.254,-85.323
Notophthalmus viridescens,41.129,-74.687
Notophthalmus viridescens,36.026,-79.11
Notophthalmus viridescens,46.312,-84.593
Notophthalmus viridescens,37.788,-81.953
Notophthalmus viridescens,37.313,-80.677
Notophthalmus viridescens,35.317,-83.209
Notophthalmus viridescens,36.494,-81.12
Plethodon cinereus,39.953,-75.443
Plethodon cinereus,37.375,-80.523
Plethodon jordani,35.827,-83.507
Plethodon jordani,35.113,-84.059
Plethodon jordani,35.12,-83.336
Plethodon jordani,35.219,-82.778
Plethodon jordani,36.09,-81.836
Limnodynastes peronii,-34.012,151.094
Lithobates sylvaticus,45.517,-73.3
Pseudacris triseriata,40.55,-105.017
Pseudacris triseriata,40.6,-105.017
Ambystoma jeffersonianum,47.165,-95.197
Ambystoma maculatum,36.022,-78.903
Ambystoma maculatum,36.026,-79.11
Ambystoma tigrinum,44.996399,-93.061598
Anaxyrus woodhousii,41.682,-69.96
Buergeria japonica,24.868,121.544
Buergeria japonica,24.063,120.811
Buergeria japonica,23.435,120.636
Buergeria japonica,24.027,121.187
Desmognathus fuscus,36.639,-81.605
Eleutherodactylus coqui,18.403,-66.05
Eleutherodactylus coqui,18.295,-65.8
Eurycea bislineata,37.375,-80.523
Hyperolius viridiflavus,7.54,-5.547
Hyperolius viridiflavus,4.7816485,30.3826905
Lithobates sylvaticus,41.902,-72.08
Litoria bicolor,-12.372179,130.868867
Litoria caerulea,-12.372179,130.868867
Litoria rothii,-12.372179,130.868867
Litoria rubella,-12.372179,130.868867
Notophthalmus viridescens,42.69,-73.29
Notophthalmus viridescens,43.3,-72.783
Odontophrynus occidentalis,-31.701,-68.095
Pseudacris crucifer,47.165,-95.197
Rhinella granulosa,-5.658,-36.61
Rhinella marina,-27.553,153.056
Acipenser brevirostrum,45.3,-66.13
Acipenser brevirostrum,32.89,-84.67
Ambassis ambassis,11.49,79.76
Ambassis ambassis,-30.86,25.14
Ambassis ambassis,11.49,79.77
Anguilla australis,-35.15,173.68
Anguilla australis,-37.27,174.87
Apogon dovii,2.97,7.18
Apogon dovii,2.99,-78.2
Apogon dovii,7.33,-80.21
Lipophrys pholis,38.71,-9.49
Lipophrys pholis,54.09,-4.76
Lipophrys trigloides,38.82,-9
Lipophrys trigloides,38.71,-9.49
Carpiodes cyprinus,39.97,-82.81
Carpiodes cyprinus,42.08,-81.34
Catostomus clarkii,NA,NA
Catostomus clarkii,37.2,-113.26
Catostomus commersonii,NA,NA
Catostomus commersonii,43.22,-86.35
Catostomus commersonii,46.78,-94.7
Catostomus commersonii,54.61,-124.91
Catostomus commersonii,42.08,-81.34
Hypentelium nigricans,42.6,-78.47
Hypentelium nigricans,36.94,-81.05
Ambloplites rupestris,36.94,-81.05
Ambloplites rupestris,42.08,-81.34
Lepomis cyanellus,NA,NA
Lepomis cyanellus,38.16,-81.2
Lepomis cyanellus,35.66,-97.47
Lepomis cyanellus,35.57,-97.63
Lepomis gibbosus,42.08,-81.34
Lepomis gibbosus,47.37,-120.26
Lepomis macrochirus,NA,NA
Lepomis macrochirus,36.94,-81.05
Lepomis macrochirus,34.18,-111.71
Lepomis macrochirus,29.48,-81.68
Lepomis macrochirus,38.34,-90.37
Lepomis macrochirus,35.66,-97.47
Lepomis macrochirus,35.57,-97.63
Lepomis macrochirus,28.62,-81.63
Lepomis macrochirus,41.03,-75.47
Lepomis macrochirus,40.79,-80.47
Lepomis macrochirus,42.08,-81.34
Lepomis macrochirus,31.45,-98.95
Lepomis megalotis,NA,NA
Lepomis megalotis,35.66,-97.47
Micropterus dolomieu,36.94,-81.05
Micropterus dolomieu,NA,NA
Micropterus dolomieu,35.66,-97.47
Micropterus dolomieu,42.08,-81.34
Micropterus punctulatus,36.94,-81.05
Micropterus punctulatus,35.66,-97.47
Micropterus salmoides,NA,NA
Micropterus salmoides,34.18,-111.71
Micropterus salmoides,45.55,-92.39
Micropterus salmoides,34.45,-96.64
Micropterus salmoides,41.65,-82.83
Micropterus salmoides,35.96,-83.92
Micropterus salmoides,29.48,-81.68
Micropterus salmoides,38.34,-90.37
Micropterus salmoides,35.66,-97.47
Micropterus salmoides,42.08,-81.34
Micropterus salmoides,46.78,-94.7
Pomoxis annularis,42.08,-81.34
Pomoxis annularis,39.4,-106.51
Pomoxis nigromaculatus,42.08,-81.34
Pomoxis nigromaculatus,40.2,-89.47
Pomoxis nigromaculatus,46.78,-94.7
Lates calcarifer,11.49,79.77
Lates calcarifer,-12.83,132.86
Gymnocharacinus bergii,-40.93,-66.57
Gymnocharacinus bergii,NA,NA
Etroplus suratensis,11.49,79.76
Etroplus suratensis,11.49,79.77
Oreochromis mossambicus,-24.96,29.3
Oreochromis mossambicus,27.89,-81.41
Alosa pseudoharengus,43.49,-87.24
Alosa pseudoharengus,42.08,-81.34
Dorosoma cepedianum,41.65,-82.83
Dorosoma cepedianum,35.96,-83.92
Dorosoma cepedianum,38.34,-90.37
Dorosoma cepedianum,42.08,-81.34
Sardinops sagax,31.86,-116.6
Sardinops sagax,34.49,138.16
Cottus bairdii,42.6,-78.47
Cottus bairdii,34.19,-84.95
Cottus carolinae,40.03,-76.27
Cottus carolinae,34.6,-84.7
Cottus gobio,54.47,-1.18
Cottus gobio,54.43,-3.02
Cottus gobio,54.4,-2.92
Agosia chrysogaster,NA,NA
Agosia chrysogaster,33.08,-108.46
Campostoma anomalum,36.94,-81.05
Campostoma anomalum,NA,NA
Campostoma anomalum,35.66,-97.47
Campostoma anomalum,39.97,-82.81
Carassius auratus,33.22,-97.15
Carassius auratus,35.66,-97.47
Carassius auratus,42.08,-81.34
Carassius carassius,NA,NA
Carassius carassius,52.34,18.35
Chrosomus erythrogaster,NA,NA
Chrosomus erythrogaster,36.16,-105.2
Couesius plumbeus,59.43,-126.09
Couesius plumbeus,59.4,-133.58
Couesius plumbeus,51.38,-121.26
Ctenopharyngodon idella,34.95,-92.49
Ctenopharyngodon idella,26.47,99.15
Cyprinella lutrensis,NA,NA
Cyprinella lutrensis,37.2,-113.26
Cyprinella lutrensis,35.66,-97.47
Cyprinella lutrensis,34.86,-96.73
Cyprinella lutrensis,33.06,-101.04
Cyprinella lutrensis,33.17,-97.32
Cyprinella lutrensis,33.21,-97.15
Cyprinella lutrensis,37.91,-122.06
Cyprinella spiloptera,36.94,-81.05
Cyprinella spiloptera,NA,NA
Cyprinus carpio,19.14,72.82
Cyprinus carpio,55.71,37.57
Cyprinus carpio,58.44,38.42
Cyprinus carpio,42.08,-81.34
Cyprinus carpio,26.47,99.15
Cyprinus carpio,52.34,18.35
Cyprinus carpio,48.96,16.55
Danio rerio,33.22,-97.13
Danio rerio,25.67,91.93
Danio rerio,1.35,103.81
Gila robusta,NA,NA
Gila robusta,37.2,-113.26
Gobio gobio,52.34,18.35
Gobio gobio,NA,NA
Hybognathus placitus,35.66,-97.47
Hybognathus placitus,34.86,-96.73
Hybognathus placitus,33.03,-101.12
Hypophthalmichthys nobilis,34.95,-92.49
Hypophthalmichthys nobilis,26.47,99.15
Labeo rohita,19.14,72.82
Labeo rohita,18.93,72.82
Labeo rohita,18.5,73.96
Labeo rohita,19.45,75.64
Leuciscus idus,NA,NA
Leuciscus idus,52.34,18.35
Luxilus chrysocephalus,NA,NA
Luxilus chrysocephalus,39.97,-82.81
Luxilus cornutus,38.32,-92.54
Luxilus cornutus,NA,NA
Luxilus cornutus,43.64,-79.49
Luxilus cornutus,35.96,-83.92
Luxilus cornutus,42.6,-78.47
Luxilus cornutus,45.73,-78.4
Luxilus cornutus,40.79,-73.91
Meda fulgida,32.85,-110.61
Meda fulgida,NA,NA
Notemigonus crysoleucas,NA,NA
Notemigonus crysoleucas,45.83,-78.42
Notemigonus crysoleucas,41.65,-82.83
Notemigonus crysoleucas,29.48,-81.68
Notemigonus crysoleucas,35.66,-97.47
Notropis atherinoides,43.64,-79.49
Notropis atherinoides,41.65,-82.83
Notropis atherinoides,35.66,-97.47
Notropis atherinoides,34.86,-96.73
Notropis atherinoides,47.29,-89.98
Notropis atherinoides,42.08,-81.34
Notropis atherinoides,34.95,-92.49
Notropis hudsonius,42.08,-81.34
Notropis hudsonius,39.97,-76.48
Notropis hudsonius,41.24,-73.92
Notropis rubellus,36.94,-81.05
Notropis rubellus,NA,NA
Notropis rubellus,42.6,-78.47
Notropis stramineus,NA,NA
Notropis stramineus,42.6,-78.47
Pimephales notatus,36.94,-81.05
Pimephales notatus,38.55,-82.48
Pimephales notatus,NA,NA
Pimephales notatus,43.64,-79.49
Pimephales notatus,41.65,-82.83
Pimephales notatus,35.66,-97.47
Pimephales notatus,39.97,-82.81
Pimephales notatus,42.6,-78.47
Pimephales notatus,42.08,-81.34
Pimephales notatus,39.53,-76.77
Pimephales promelas,NA,NA
Pimephales promelas,33.22,-97.15
Pimephales promelas,34.18,-111.71
Pimephales promelas,35.75,-86.43
Pimephales promelas,33.21,-97.15
Pimephales promelas,35.21,-97.45
Rhinichthys atratulus,43.64,-79.49
Rhinichthys atratulus,35.96,-83.92
Rhinichthys atratulus,42.6,-78.47
Rhinichthys atratulus,42.86,-78.83
Rhinichthys cobitis,32.85,-110.61
Rhinichthys cobitis,NA,NA
Rhinichthys cobitis,32.88,-110.38
Rhinichthys osculus,NA,NA
Rhinichthys osculus,34.18,-111.71
Rhinichthys osculus,37.2,-113.26
Rhinichthys osculus,43.22,-110.02
Rhinichthys osculus,42.87,-109.87
Rutilus rutilus,58.44,38.42
Rutilus rutilus,NA,NA
Rutilus rutilus,53.64,-2.66
Rutilus rutilus,52.29,18.24
Rutilus rutilus,52.34,18.35
Scardinius erythrophthalmus,52.72,18.54
Scardinius erythrophthalmus,52.29,18.24
Scardinius erythrophthalmus,52.34,18.35
Semotilus atromaculatus,43.64,-79.49
Semotilus atromaculatus,35.96,-83.92
Semotilus atromaculatus,NA,NA
Semotilus atromaculatus,38.32,-92.54
Semotilus atromaculatus,43.83,-79.48
Siphateles bicolor,39.19,-77.3
Siphateles bicolor,35.69,-117.62
Siphateles bicolor,35.67,-117.64
Squalius cephalus,52.29,18.24
Squalius cephalus,52.34,18.35
Cyprinodon bovinus,NA,NA
Cyprinodon bovinus,30.89,-102.88
Cyprinodon dearborni,NA,NA
Cyprinodon dearborni,10.43,-64.2
Cyprinodon macularius,NA,NA
Cyprinodon macularius,31.94,-113.02
Cyprinodon nevadensis,NA,NA
Cyprinodon nevadensis,36.93,-117.31
Cyprinodon nevadensis,34.07,-117.28
Gobiomorphus basalis,-35.15,173.68
Gobiomorphus basalis,-37.27,174.87
Gobiomorphus cotidianus,-35.15,173.68
Gobiomorphus cotidianus,-37.27,174.87
Esox lucius,58.44,38.42
Esox lucius,38.34,-90.37
Esox lucius,47.1,-93.45
Esox masquinongy,NA,NA
Esox masquinongy,51.51,-86.68
Esox masquinongy,42.24,-79.48
Fundulus diaphanus,35.57,-97.63
Fundulus diaphanus,33.17,-97.32
Fundulus heteroclitus,NA,NA
Fundulus heteroclitus,42.9,-70.81
Fundulus heteroclitus,31.11,-81.44
Fundulus heteroclitus,34.73,-76.72
Fundulus heteroclitus,37.16,-76.52
Fundulus notatus,NA,NA
Fundulus notatus,33.17,-97.32
Galaxias maculatus,-35.15,173.68
Galaxias maculatus,-37.27,174.87
Gasterosteus aculeatus,38.57,NA
Gasterosteus aculeatus,NA,NA
Gasterosteus aculeatus,52.34,18.35
Gobiesox strumosus,29.49,-85.25
Gobiesox strumosus,42,NA
Bathygobius fuscus,-5.47,123.76
Bathygobius fuscus,5.28,123.6
Bathygobius ramosus,2.97,7.18
Bathygobius ramosus,7.33,-80.21
Gillichthys mirabilis,34.41,-119.67
Gillichthys mirabilis,38.06,-122.45
Gobiosoma chiquita,31.18,-113.4
Gobiosoma chiquita,31.29,-113.54
Gobius paganellus,38.71,-9.49
Gobius paganellus,38.78,-9.5
Gobius paganellus,45,NA
Haemulon flavolineatum,24.8,-82.7
Haemulon flavolineatum,18.35,-65.04
Ameiurus catus,41.24,-73.92
Ameiurus catus,38.28,-76.42
Ameiurus melas,NA,NA
Ameiurus melas,38.34,-90.37
Ameiurus melas,42.08,-81.34
Ameiurus natalis,NA,NA
Ameiurus natalis,42.08,-81.34
Ameiurus nebulosus,45.83,-78.42
Ameiurus nebulosus,41.65,-82.83
Ameiurus nebulosus,43.64,-79.49
Ameiurus nebulosus,NA,NA
Ameiurus nebulosus,45.73,-78.4
Ameiurus nebulosus,42.08,-81.34
Ameiurus nebulosus,39.92,-75.13
Ameiurus nebulosus,41.24,-73.92
Ictalurus punctatus,34.45,-96.64
Ictalurus punctatus,35.69,-79.4
Ictalurus punctatus,NA,NA
Ictalurus punctatus,41.65,-82.83
Ictalurus punctatus,29.48,-81.68
Ictalurus punctatus,35.66,-97.47
Ictalurus punctatus,41.03,-75.47
Ictalurus punctatus,42.08,-81.34
Ictalurus punctatus,30.33,-110.42
Ictalurus punctatus,29.21,-89.28
Ictalurus punctatus,47.99,-97.06
Kuhlia sandvicensis,21.37,-157.98
Kuhlia sandvicensis,20,NA
Dicentrarchus labrax,36.76,35.71
Dicentrarchus labrax,38.82,-9
Morone chrysops,38.34,-90.37
Morone chrysops,42.08,-81.34
Morone chrysops,NA,NA
Morone saxatilis,45.37,-63.26
Morone saxatilis,35.66,-97.47
Morone saxatilis,41.24,-73.92
Chelon subviridis,13.21,100.93
Chelon subviridis,11.49,79.77
Mugil cephalus,21.37,-157.98
Mugil cephalus,12.56,80.18
Mugil cephalus,31.29,-113.54
Gobionotothen gibberifrons,-64,-64.06
Gobionotothen gibberifrons,-64.1,-62.6
Gobionotothen gibberifrons,-64.77,-64.06
Lepidonotothen squamifrons,-64,-64.06
Lepidonotothen squamifrons,-64.77,-64.06
Notothenia coriiceps,-64,-64.06
Notothenia coriiceps,-64.1,-62.6
Notothenia coriiceps,-64.77,-64.06
Notothenia coriiceps,-64,NA
Pagothenia borchgrevinki,-77.5,165
Pagothenia borchgrevinki,-77.51,166.38
Trematomus bernacchii,-77,165
Trematomus bernacchii,-77.51,166.38
Trematomus hansoni,-77,165
Trematomus hansoni,-77.51,166.38
Hypomesus transpacificus,37.86,-122.37
Hypomesus transpacificus,37.9,-122.32
Osmerus mordax,42.08,-81.34
Osmerus mordax,51.51,-86.68
Etheostoma blennioides,NA,NA
Etheostoma blennioides,42.6,-78.47
Etheostoma caeruleum,NA,NA
Etheostoma caeruleum,42.6,-78.47
Etheostoma flabellare,NA,NA
Etheostoma flabellare,39.97,-82.81
Etheostoma flabellare,42.6,-78.47
Etheostoma flabellare,39.51,-84.65
Etheostoma nigrum,39.3,-105.47
Etheostoma nigrum,42.6,-78.47
Etheostoma nigrum,38.32,-92.54
Etheostoma nigrum,40.42,-104.6
Etheostoma nigrum,39.51,-84.65
Etheostoma spectabile,NA,NA
Etheostoma spectabile,34.28,-96.7
Etheostoma spectabile,34.61,-96.63
Etheostoma spectabile,35.91,-78.78
Etheostoma spectabile,35.66,-97.47
Gymnocephalus cernua,52.29,18.24
Gymnocephalus cernua,NA,NA
Perca flavescens,36.94,-81.05
Perca flavescens,43.64,-79.49
Perca flavescens,41.65,-82.83
Perca flavescens,46.62,-92.65
Perca flavescens,42.08,-81.34
Perca flavescens,NA,NA
Perca fluviatilis,58.44,38.42
Perca fluviatilis,52.29,18.24
Perca fluviatilis,52.34,18.35
Sander vitreus,45.45,-94.43
Sander vitreus,42.08,-81.34
Sander vitreus,47.5,-100.48
Sander vitreus,40.83,-92.88
Sander vitreus,34.37,-89.52
Sander vitreus,NA,NA
Gambusia affinis,NA,NA
Gambusia affinis,35.96,-83.92
Gambusia affinis,29.48,-81.68
Gambusia affinis,35.66,-97.47
Gambusia affinis,-37.27,174.87
Gambusia affinis,40.76,-111.92
Gambusia affinis,33,-109.9
Heterandria formosa,29.97,-92.87
Heterandria formosa,29.87,-91.43
Abudefduf saxatilis,9.66,-79.34
Abudefduf saxatilis,31.29,-113.54
Retropinna retropinna,-35.15,173.68
Retropinna retropinna,-37.27,174.87
Coregonus artedi,45.3,-94.11
Coregonus artedi,42.41,-83.98
Coregonus clupeaformis,45.05,-82.5
Coregonus clupeaformis,45.29,-82.12
Oncorhynchus clarkii,48.23,NA
Oncorhynchus clarkii,37.68,-106.86
Oncorhynchus kisutch,NA,NA
Oncorhynchus kisutch,47.37,-120.26
Oncorhynchus mykiss,NA,NA
Oncorhynchus mykiss,36.96,-92.67
Oncorhynchus mykiss,33.93,-109.93
Oncorhynchus mykiss,38.63,-121.22
Oncorhynchus mykiss,47.29,-89.98
Oncorhynchus mykiss,48.16,-86.74
Oncorhynchus mykiss,52.37,-1.18
Oncorhynchus mykiss,44.44,-85.72
Oncorhynchus mykiss,-36.41,148.63
Oncorhynchus mykiss,36.94,-81.05
Salmo trutta,36.94,-81.05
Salmo trutta,NA,NA
Salmo trutta,33.99,-110.15
Salmo trutta,55.04,-1.43
Salmo trutta,52.37,-1.18
Salmo trutta,52.72,18.54
Salvelinus alpinus,54.4,-2.95
Salvelinus alpinus,54.31,-2.95
Salvelinus fontinalis,36.94,-81.05
Salvelinus fontinalis,NA,NA
Salvelinus fontinalis,33.99,-110.15
Salvelinus fontinalis,51.51,-86.68
Salvelinus namaycush,NA,NA
Salvelinus namaycush,48.44,-90.73
Salvelinus namaycush,48.17,-91.3
Salvelinus namaycush,45.73,-78.4
Salvelinus namaycush,45.76,-81.96
Salvelinus namaycush,51.26,-115.37
Thymallus arcticus,NA,NA
Thymallus arcticus,45.66,-112.9
Scatophagus argus,13.21,100.93
Scatophagus argus,11.49,79.77
Aplodinotus grunniens,38.34,-90.37
Aplodinotus grunniens,42.08,-81.34
Diplodus vulgaris,38.82,-9
Diplodus vulgaris,45,NA
Terapon jarbua,-5.47,123.76
Terapon jarbua,11.49,79.76
Terapon jarbua,11.49,79.77
Sphoeroides annulatus,24.82,-107.37
Sphoeroides annulatus,31.29,-113.54
Zoarces viviparus,54.46,10.24
Zoarces viviparus,54.19,7.91
